394,0101000000B7D3D68860C04EC07993DFA293493FC0,1,3,615
453,0101000000E25CC30C8D1550C0719010E50B9440C0,19,3,126
159,010100000024F90E2F26134FC0E1A1B37D665E43C0,35,3,38
456,010100000000CADFBDA31550C064027E8D249540C0,35,3,127
158,0101000000658C0FB397174FC01EA4A7C8215C43C0,17,3,39
392,010100000069E21DE049C14EC09207228B34493FC0,1,1,614
118,0101000000B2F677B6471350C048C2BE9D44683FC0,1,0,496
1227,0101000000D7D9907F666750C0D71533C2DB573BC0,20,0,80
1228,010100000034BA83D8996750C07C65DEAAEB583BC0,2,0,80
572,0101000000D8371DEE108851C08B6B2D6ABB7C43C0,9,0,769
571,0101000000A60A4625758651C0BE30992A187D43C0,27,0,769
21,010100000072A43330F24A4DC094DC6113993941C0,23,0,185
22,010100000042EE224C514C4DC060915F3FC43A41C0,5,0,185
754,0101000000982F2FC03EF450C0C75EEFFE78A748C0,7,0,660
1310,01010000002B4833164D4F4CC09E98F562280F50C0,23,0,831
1309,01010000002C90A0F831524CC06D26DF6C730F50C0,5,0,831
1312,0101000000287C18968E014DC0AB1BA0D24CCC3EC0,21,0,832
1311,01010000004698DE4D19024DC0DDD50D5069CE3EC0,3,0,832
1318,01010000003E389F3A56B34EC0A1BFD02346D541C0,23,0,843
1317,01010000009E7DE5417AB44EC09085E81038D641C0,5,0,843
1316,010100000010514CDE00E54DC07DCF488446AA41C0,34,0,839
1315,0101000000C9AF1F6283E54DC042EA76F695A941C0,16,0,839
581,01010000002F302B14E9E650C012D90759168043C0,27,0,218
582,01010000001D554D1075E850C024D06053E77F43C0,9,0,218
759,01010000009161156F640D52C08940F50F22CD49C0,24,0,47
760,0101000000FBE8D495CF0E52C0AFB0E07EC0CD49C0,6,0,47
12,01010000003F58C6866E364DC08F6CAE9AE74641C0,13,0,5
1320,0101000000A7AFE76B96DF4FC04912842BA0C03EC0,20,0,845
1319,01010000009C51F355F2DF4FC083C30B2252C33EC0,2,0,845
1189,01010000009EEA909BE1964DC01D5A643BDF273DC0,20,0,213
1190,010100000009E1D1C611974DC045D8F0F44A293DC0,2,0,213
667,01010000005D86FF7403E34EC084F1D3B8374B42C0,20,0,133
668,0101000000C554FA0967E34EC09F5BE84A044C42C0,2,0,133
1308,0101000000C72AF423BA244EC0B311138534DA3DC0,29,0,830
1307,010100000019490A8E07264EC0102F26C1CCD93DC0,11,0,830
1322,01010000006ED1C952EB2F4FC096AFCBF09FD440C0,19,0,847
1321,0101000000038F6FEF1A304FC0C3B81B446BD540C0,1,0,847
1327,0101000000A796ADF545F24CC070B6B9313D7D41C0,32,0,849
1326,0101000000ECFA05BB61F34CC040FB9122327C41C0,14,0,849
1324,0101000000BB7B80EECB0A50C0A41CCC26C00A40C0,20,0,848
1323,010100000003B34291EE0A50C0BB7B80EECB0B40C0,2,0,848
1126,010100000021956247E3424DC091813CBB7C7D40C0,1,0,215
404,0101000000C4094CA775034FC017F3734353AE3EC0,1,0,519
403,0101000000904E5DF92C034FC0D54E0647C9AB3EC0,19,0,519
640,010100000091A70E2E6C9D4DC08489421A779F42C0,1,0,135
1127,0101000000A19FA9D72D484DC00F9BC8CC057840C0,19,0,216
1128,01010000009E60FF756E484DC087FC3383F87840C0,1,0,216
963,0101000000B537F8C264EA4DC070B6B9313DD540C0,22,0,221
964,010100000082E7DEC325EB4DC0C45F9335EAD540C0,4,0,221
917,010100000028603B18B1014FC0821DFF05828C41C0,23,0,805
918,010100000029232E008D024FC0868DB27E338D41C0,5,0,805
237,010100000086730D3334BA4DC07B6AF5D5555141C0,19,0,513
238,010100000075CDE49B6DBA4DC0D63730B9515241C0,1,0,513
239,01010000004B1FBAA0BEB94DC08D429259BD5141C0,27,0,514
240,01010000007009C03FA5BA4DC07F6DFDF49F5141C0,9,0,514
101,0101000000506F46CD57674DC0A8E49CD8433F43C0,31,0,525
102,010100000027BC04A73E684DC037C478CDAB3E43C0,13,0,525
105,010100000042B3EBDE8A684DC07AAA436E863F43C0,36,0,527
106,0101000000AB764D486B684DC01B84B9DDCB3D43C0,18,0,527
861,010100000015713AC956394FC084656CE866C342C0,32,0,802
862,01010000005AA148F7733A4FC0E38DCC237FC242C0,14,0,802
99,010100000054FD4AE7C3654DC0014C1938A04943C0,23,0,535
103,01010000002C9FE57970674DC07B6AF5D5553F43C0,35,0,526
104,0101000000B329577897674DC0BF7E880D163E43C0,17,0,526
189,01010000000742B28009A44DC0C9C859D8D38241C0,25,0,537
190,010100000037FDD98F14A54DC0904E5DF92C8341C0,7,0,537
253,0101000000E8A04B38F41450C0D7A205685B2537C0,19,0,549
254,0101000000228E75711B1550C00420EEEA552837C0,1,0,549
20,01010000002524D236FE4E4DC0B493C151F24C41C0,16,0,552
19,01010000000A9E42AED44D4DC0A6423C122F4F41C0,34,0,552
382,01010000001004C8D0B13D4EC0BA30D28BDACD3FC0,1,0,554
252,01010000001077F52A325050C01329CDE6715038C0,10,0,561
251,01010000004F5B2382714F50C01ADF1797AA5038C0,28,0,561
226,0101000000F69B89E942DC4DC000C5C89239DA40C0,28,0,564
281,0101000000DAC69FA86C524EC091F0BDBF41F540C0,22,0,569
282,0101000000D87DC7F0D8534EC0821DFF0582F640C0,4,0,569
279,0101000000EF5696E82C534EC01C0934D8D4F540C0,31,0,570
280,01010000006667D13B15544EC0C11DA8531EF540C0,13,0,570
149,01010000005182FE428F0A4FC017A06D35EB6A43C0,28,0,579
150,0101000000C138B874CC0B4FC0207F69519F6A43C0,10,0,579
147,0101000000C2A38D23D60A4FC01EE1B4E0456B43C0,34,0,580
148,0101000000BAF770C9710B4FC06E6E4C4F586A43C0,16,0,580
80,0101000000CB67791EDC7D4CC04ED2FC31AD8B42C0,9,0,582
1205,0101000000FDC0559E40704CC0C6866EF6074E3DC0,29,0,233
1206,0101000000B821C66B5E714CC033FD12F1D64D3DC0,11,0,233
1031,0101000000861BF0F961EE50C04CE0D6DD3C7D41C0,36,0,236
1032,0101000000EA5BE67459EE50C0A33B889D297C41C0,18,0,236
1187,01010000003881E9B46E9F4DC07DCEDDAE972A3DC0,20,0,239
857,0101000000C07971E2ABCB4FC03ECA880B40FB42C0,36,0,671
858,0101000000B4CBB73EACCB4FC0732B84D558FA42C0,18,0,671
569,0101000000C79DD2C1FA9451C0473A03232F4543C0,28,0,454
701,0101000000F1643733FACA51C01FD61BB5C28C44C0,30,0,458
702,0101000000EA40D653ABCB51C0359886E1238C44C0,12,0,458
621,0101000000199293895B634EC0378B170B43C242C0,23,0,462
1092,01010000000553CDACA5CE4EC07A34D593F90D40C0,1,0,675
623,010100000084656CE866634EC0D314014EEFC242C0,35,0,463
624,010100000098C3EE3B86634EC071ADF6B017C242C0,17,0,463
946,010100000088687407B18F4FC09817601F9D4641C0,34,0,678
449,0101000000D384ED2763AE4FC0AF5E4546071241C0,36,0,473
450,010100000099BA2BBB60AE4FC08E226B0DA51041C0,18,0,473
891,01010000004278B471C4124EC0AE47E17A14EA41C0,21,0,682
892,010100000072F90FE9B7134EC0BA6B09F9A0EB41C0,3,0,682
699,0101000000E0A128D0270451C015A930B6106844C0,23,0,487
1018,010100000008AEF204C21750C0BCE82B4833F840C0,18,0,750
1251,0101000000882CD2C43B684DC03AE97DE36B973BC0,32,0,168
1252,01010000001900AAB871694DC0647616BD53953BC0,14,0,168
1025,01010000005F251FBB0B5750C0F01472A59EFF40C0,24,0,172
1026,010100000064062AE3DF5750C0CD751A69A90041C0,6,0,172
1207,0101000000AAF06778B3084CC0634337FB03093CC0,22,0,177
1208,01010000003A234A7B83094CC01F813FFCFC0B3CC0,4,0,177
1200,0101000000367689EAAD334DC00B0C59DDEA853EC0,6,0,178
1119,0101000000942F682101C14EC0E78A5242B0B640C0,24,0,182
1120,01010000005E49F25CDFC14EC06E14596B28B740C0,6,0,182
31,01010000001CB5C2F4BD524DC0D9B0A6B2285841C0,2,0,507
1149,01010000003012DA722E594DC07FA4880CABD83EC0,24,0,183
1150,0101000000EE7C3F355E5A4DC0183E22A644DA3EC0,6,0,183
1117,01010000007FDAA84E07C04EC075B169A510BC40C0,33,0,186
1118,0101000000B30A9B012EC04EC05E49F25CDFBB40C0,15,0,186
1271,01010000003370404B573D50C0492EFF21FDD239C0,25,0,193
1272,01010000005A626534F23D50C0957D5704FFD339C0,7,0,193
1138,010100000022C32ADEC8B84DC00D8E9257E78440C0,10,0,198
1243,01010000008141D2A755D44EC04ACFF412637D3BC0,19,0,199
1244,0101000000158BDF1456D44EC0CD3D247CEF7F3BC0,1,0,199
889,01010000003255302AA9F34DC09AB1683A3BFD41C0,27,0,201
890,01010000005C77F35487F44DC0B6B9313D61FD41C0,9,0,201
740,0101000000616D8C9DF0DE50C0BFB67EFACFE446C0,7,0,119
739,0101000000B5FF01D6AADC50C0850B790437E446C0,25,0,119
86,01010000009B99999999D14CC0A4703D0AD70343C0,31,0,508
85,01010000000AD7A3703DD24CC09E0C8E92570343C0,13,0,508
84,01010000001F6ADB300AD44CC09818CBF44B0243C0,4,0,509
397,0101000000FAD2DB9F8BC24EC0143DF03158F53EC0,29,0,637
398,010100000063450DA661C44EC016A75A0BB3F43EC0,11,0,637
263,0101000000512E8D5F781350C0CE6C57E883C13BC0,21,0,642
264,0101000000F7CC9200351450C0D847A7AE7CC63BC0,3,0,642
247,010100000001DE02098AE74DC0F6285C8FC2CD41C0,31,0,643
248,0101000000200BD12170E84DC03831242713CD41C0,13,0,643
249,01010000001D75745C8DE84DC09432A9A10DCE41C0,36,0,644
250,01010000009641B5C189E84DC00740DCD5ABCC41C0,18,0,644
1229,01010000001B2C9CA4F9A450C01BF33AE290113BC0,24,0,69
1230,01010000004A99D4D006A650C018B5FB5580133BC0,6,0,69
834,01010000001EDC9DB5DBD04DC032056B9C4D2B43C0,1,0,71
315,0101000000EAE923F087D34DC0C32D1F49491B3DC0,29,0,28
355,0101000000BF4351A04F704DC02E1C08C9022E40C0,24,0,36
219,01010000000F7F4DD6A8BB4DC0D3DEE00B93ED40C0,23,0,43
220,0101000000CDE49B6D6EBC4DC0C32ADEC83CEE40C0,5,0,43
89,01010000002AFEEF880A0D4DC0486DE2E47E2D43C0,28,0,52
90,0101000000B9E2E2A8DC0E4DC048C5FF1D512D43C0,10,0,52
402,01010000009352D0ED25014FC0878A71FE26BC3EC0,1,0,55
401,010100000045F0BF95EC004FC0B56CAD2F12BA3EC0,19,0,55
185,0101000000DACA4BFE27914DC0BF47FDF50A9B41C0,28,0,59
186,0101000000658BA4DDE8914DC023827170E99A41C0,10,0,59
187,010100000021938C9C85914DC0486DE2E47E9B41C0,35,0,60
188,0101000000A4DFBE0E9C914DC0596DFE5F759A41C0,17,0,60
242,01010000009D4CDC2A883D4EC0D74CBED9E69241C0,2,0,62
241,0101000000198C1189423D4EC0A663CE33F69141C0,20,0,62
244,01010000001F9DBAF2593E4EC038F92D3A599241C0,12,0,63
243,0101000000944C4EED0C3D4EC0A9C29FE1CD9241C0,30,0,63
1124,0101000000F0C4AC1743214DC09B030473F47C40C0,8,0,800
1123,0101000000B2632310AF1F4DC0FF5BC98E8D7C40C0,26,0,800
321,01010000006CB3B112F3844DC0B39602D2FE873CC0,35,0,66
322,0101000000DE718A8EE4844DC075CAA31B61853CC0,17,0,66
418,0101000000E3FC4D28447050C0B4B0A71DFE9A3CC0,1,0,70
417,0101000000331AF9BCE26F50C079E75086AA943CC0,19,0,70
495,010100000085D04197701E50C06744696FF0AD41C0,36,0,391
496,010100000068EBE0606F1E50C0C93CF20703AD41C0,18,0,391
1089,0101000000C1525DC0CBD04EC084BBB376DB0D40C0,20,0,75
823,0101000000616EF7729FF04EC08429CAA5F13F43C0,29,0,76
824,0101000000FEF0F3DF83F14EC0732D5A80B63F43C0,11,0,76
952,01010000009A7CB3CD8DAF4EC0F390291F82C841C0,14,0,78
951,01010000004AB4E4F1B4AE4EC0F277EFA831C941C0,32,0,78
953,010100000006137F1475AC4EC04D31074147D341C0,32,0,79
1280,010100000059130B7C458A50C079AD84EE921C39C0,3,0,81
998,01010000001F86562767904EC0EE77280AF47140C0,11,0,82
997,0101000000AAD72D02638F4EC0427A8A1C227240C0,29,0,82
777,01010000000727A25F5BE350C01C98DC28B24447C0,24,0,83
778,0101000000C87C40A033E450C05D52B5DD044547C0,6,0,83
779,01010000000A4966F50EE350C0C32CB4739A4547C0,28,0,84
780,01010000003067B62BF4E350C003249A40114547C0,10,0,84
863,0101000000F1660DDE57634FC0670B08AD879B42C0,28,0,88
1201,01010000003EB324404D254DC062A1D634EF883EC0,20,0,91
1202,0101000000617138F3AB254DC0DEC83CF2078B3EC0,2,0,91
797,0101000000D68C0C7217DD51C0145B41D3123D45C0,20,0,94
798,01010000007192E68F69DD51C0603C8386FE3D45C0,2,0,94
869,0101000000406A1327F7634FC021E527D53E9942C0,36,0,374
870,010100000047C9AB730C644FC0060DFD135C9842C0,18,0,374
847,0101000000C1AC50A4FBF94EC0ED0BE8853B8742C0,36,0,375
1161,01010000008AABCABE2B924EC050AA7D3A1E633FC0,20,0,377
1162,010100000011363CBD52924EC0EAB298D87C643FC0,2,0,377
999,0101000000E7C6F48425CE4FC038BEF6CC929841C0,36,0,384
1009,010100000035D3BD4EEA3F4EC052D50451F72341C0,31,0,387
1010,01010000007E02284696404EC06AF816D68D2341C0,13,0,387
1122,01010000009831056B9C574DC0A62BD8463CDF40C0,9,0,388
546,01010000001BD82AC1E2DC4CC031B3CF63942942C0,4,0,139
545,0101000000E5D3635B06DC4CC058FE7C5BB02842C0,22,0,139
548,010100000023A12DE752DC4CC0C078060DFD2942C0,36,0,140
471,0101000000CC41D0D1AA3751C0CE5147C7D57A40C0,22,0,141
472,01010000009355116E323851C097AC8A70937B40C0,4,0,141
965,0101000000F25EB532E1234EC0E8F692C668A140C0,22,0,396
966,01010000005BEB8B84B6244EC060EAE74D45A240C0,4,0,396
309,01010000006F83DA6FEDE44EC053B3075A813D3DC0,36,0,702
310,01010000004167D2A6EAE44EC0849A2155143B3DC0,18,0,702
1247,01010000003579CA6ABA9A4EC087C5A86BED4D3BC0,22,0,97
1248,0101000000176536C8249B4EC01EF98381E74E3BC0,4,0,97
651,0101000000E02C25CB493C4DC0DD990986739542C0,35,0,30
652,0101000000E0DA8992903C4DC05F5E807D749442C0,17,0,30
825,0101000000B83B6BB75D464EC08C153598865F43C0,31,0,123
156,0101000000E527D53E1D174FC0C7DADFD91E5D43C0,6,0,37
155,010100000014E8137992144FC08E588B4F015C43C0,24,0,37
704,0101000000C850D961EACA51C0935F2CF9C59244C0,11,0,35
703,01010000007EB1E4174BC951C08431C0C9E79344C0,29,0,35
877,01010000005B069CA564B74FC04F594DD7133F42C0,36,0,124
969,01010000004CC11A67D30F4FC00A4AD1CABDE440C0,28,0,807
970,0101000000D6E429ABE9104FC0D2C43BC093E440C0,10,0,807
561,010100000002124DA088894EC0D15AD1E6381742C0,20,0,54
562,01010000006D1E87C1FC894EC099620E828E1842C0,2,0,54
711,01010000000514EAE923E251C0C85EEFFE78F944C0,36,0,57
712,0101000000D46531B1F9E151C071732A1900F844C0,18,0,57
859,010100000060AFB0E07E944FC0D8D5E429ABDB42C0,33,0,132
860,0101000000AB7AF99D26954FC0B81D1A16A3DA42C0,15,0,132
474,01010000006A6803B0015B50C0417E3672DDD240C0,1,0,86
473,0101000000416150A6D15A50C042CD902A8AD140C0,19,0,86
293,010100000045F6419605354FC08881AE7D019F40C0,19,0,402
294,0101000000365A0EF450354FC0D9B0A6B228A040C0,1,0,402
122,0101000000AC394030470A50C005508C2C99373FC0,36,0,406
121,01010000008DEC4ACB480A50C0A75B76887F343FC0,18,0,406
191,0101000000492EFF21FD744DC0EE60C43E017641C0,30,0,214
192,0101000000DEC66647AA754DC0B6679604A87541C0,12,0,214
211,0101000000B328ECA2E8814EC016F9F5436C7C41C0,23,0,219
212,010100000018601F9DBA824EC0B9C49107227D41C0,5,0,219
214,0101000000096D3997E2824EC0B98D06F0167C41C0,17,0,220
213,010100000082A8FB00A4824EC0533F6F2A527D41C0,35,0,220
899,01010000009B3C65355D254DC0E3C62DE6E79641C0,22,0,645
1304,0101000000A1F831E6AE2D51C081785DBF609F44C0,6,0,480
169,01010000003C4B901150FD4CC0DEE4B7E864C53DC0,19,0,77
170,01010000000306499F56FD4CC0FB9463B2B8C73DC0,1,0,77
352,0101000000D10836AE7F274DC07B6B60AB043B40C0,2,0,85
351,01010000008CBFED0912274DC01DE6CB0BB03940C0,20,0,85
265,0101000000A7B393C1519A4EC04833164D67373BC0,27,0,89
266,01010000002CBCCB457C9B4EC0C84109336D373BC0,9,0,89
267,01010000009E077767ED9A4EC0A9BC1DE1B4383BC0,36,0,90
268,01010000006688635DDC9A4EC0F5F3A62215363BC0,18,0,90
343,01010000001F813FFCFCFF4CC000581D39D2C13EC0,36,0,92
344,010100000057AF22A303004DC07D957CEC2EC03EC0,18,0,92
215,0101000000408864C8B1034EC01C98DC28B27A41C0,21,0,98
216,0101000000A8A624EB70044EC09DD7D825AA7B41C0,3,0,98
218,01010000001327F73B14054EC0BF0CC688447B41C0,8,0,99
217,01010000004F745DF8C1034EC03A0664AF777B41C0,26,0,99
137,0101000000EACBD24ECD054EC0AFB0E07EC00941C0,20,0,100
138,0101000000FCAA5CA8FC054EC091442FA3580A41C0,2,0,100
290,0101000000A777F17EDC044FC01D774A07EBAB40C0,35,0,102
289,0101000000CFC0C8CB9A044FC084F23E8EE6AA40C0,17,0,102
183,0101000000BED9E6C6F45C4DC023BDA8DDAF8E41C0,36,0,107
184,010100000037C30DF8FC5C4DC02CF52C08E58D41C0,18,0,107
177,01010000009301A08A1BEF4DC09B374E0AF33441C0,22,0,108
178,0101000000CA332F87DDEF4DC0DFA9807B9E3541C0,4,0,108
283,0101000000EA059FE6E4854EC0FFE6C589AFF640C0,35,0,112
284,0101000000D38558FD11864EC00FBA84436FF540C0,17,0,112
33,0101000000A69718CBF4554DC034F279C5534541C0,36,0,113
34,0101000000C1E61C3C13564DC0A6F0A0D9754341C0,18,0,113
113,0101000000BE30992A181D50C01C42959A3D483FC0,21,0,115
114,0101000000E29178793A1D50C096B1A19BFD493FC0,3,0,115
837,0101000000618907944D614DC024287E8CB91343C0,19,0,530
838,01010000008CF84ECC7A614DC01C9947FE601443C0,1,0,530
348,0101000000093543AA28024DC07F129F3BC14E3FC0,2,0,117
509,0101000000B345D26EF4774EC041649126DEB341C0,36,0,449
510,0101000000A6D1E4620C784EC08EAD6708C7B241C0,18,0,449
1288,0101000000A5F78DAF3D0250C00936AE7FD73737C0,2,0,665
851,0101000000AB5AD2510EEA4EC0EC8502B6831F43C0,36,0,666
852,01010000007520EBA9D5E94EC06BD26D895C1E43C0,18,0,666
1093,0101000000187959130B744EC065A71FD4454A40C0,29,0,646
1094,01010000004DBED9E6C6744EC094A0BFD0234A40C0,11,0,646
936,01010000002041F163CCEF4EC0F4F8BD4D7F6641C0,10,0,647
935,0101000000863DEDF0D7EE4EC08461C092AB6641C0,28,0,647
455,010100000074D0251C7A1550C009522976349440C0,19,1,127
948,01010000006EF9484A7A024FC02D78D157902841C0,6,0,648
827,010100000035B56CAD2F264EC072BF4351A03343C0,21,0,649
331,01010000004C1AA37554614DC0CD8FBFB4A86F3BC0,20,0,118
1314,01010000001BBD1AA0341E4FC0CAC0012D5DDD3CC0,23,0,776
1313,010100000026E4839ECD1E4FC0294014CC98DE3CC0,5,0,776
1173,0101000000AC5626FC52F34EC0F06DFAB31F513EC0,20,0,652
1174,0101000000C156091687F34EC05019FF3EE3523EC0,2,0,652
505,010100000035D4282499C34EC068B114C9577241C0,32,0,447
506,010100000095826E2F69C44EC02AC8CF46AE7141C0,14,0,447
507,0101000000321CCF6740774EC0965B5A0D89B341C0,31,0,448
508,01010000007C7DAD4B8D784EC0740D33349EB241C0,13,0,448
1171,0101000000B24CBF44BCED4FC01E32E54350453EC0,19,0,657
1153,0101000000D8648D7A88FE4DC0AB048BC3998F3EC0,35,0,658
1154,01010000009014916115FF4DC0774A07EBFF8C3EC0,17,0,658
643,0101000000404D2D5BEB8B4DC099BB96900FA242C0,36,0,524
644,0101000000A7E8482EFF8B4DC07C7C4276DEA042C0,18,0,524
1057,0101000000BBB9F8DB9E1750C063D34A2190A73FC0,36,0,703
1058,0101000000A94E07B29E1750C0A2B2614D65A53FC0,18,0,703
988,010100000066F4A3E194E34EC07F4FAC53E57F40C0,5,0,709
1035,01010000003EAE0D15E35251C058CA32C4B1AE42C0,26,0,712
1036,01010000006F9EEA909B5351C0342E1C08C9AE42C0,8,0,712
1145,0101000000C3EFA65B76844DC0382C0DFCA8CE3FC0,36,0,717
1146,01010000009607E92972844DC091D442C9E4CC3FC0,18,0,717
1101,0101000000B8CEBF5DF66B4EC0759483D9047240C0,36,0,721
1102,01010000009B3A8F8AFF6B4EC09468C9E3697140C0,18,0,721
793,01010000003B53E8BCC6DE51C02332ACE28DC445C0,30,0,736
794,0101000000E8F692C668DF51C0DDD26A48DCC345C0,12,0,736
511,0101000000F1F44A5986064DC09AEC9FA701C541C0,22,0,521
512,0101000000AE7FD767CE064DC067D65240DAC541C0,4,0,521
1147,010100000083E0F1ED5D894DC05D6F9BA910DB3FC0,36,0,746
1295,0101000000070ABC934F5B4FC0FA7B293C684A36C0,36,0,747
1296,010100000030D7A205685B4FC0D6AD9E93DE4736C0,18,0,747
1283,01010000008864C8B1F50E50C08656276728BE38C0,20,0,451
1284,0101000000E4BF4010200F50C02844C02154C138C0,2,0,451
959,010100000017D522A298AA4EC0603AADDBA0E840C0,33,0,803
960,0101000000EFFE78AF5AAB4EC0D5B48B69A6E740C0,15,0,803
685,010100000058CA32C4B17C4FC0D80B056C076344C0,22,0,556
686,01010000005B9544F6417E4FC0AA49F086346444C0,4,0,556
687,01010000002849D74CBE7D4FC0F1113125926444C0,31,0,557
688,010100000026361FD7867E4FC00E10CCD1E36344C0,13,0,557
539,01010000005BEECC04C3ED4EC094DE37BEF6EC41C0,36,0,565
540,01010000002579AEEFC3ED4EC0884677103BEB41C0,18,0,565
607,010100000003CFBD874B304FC0FC6D4F90D8CC42C0,22,0,571
608,01010000000B7BDAE1AF314FC01C615111A7CD42C0,4,0,571
609,0101000000240ED940BA304FC09607E92972CE42C0,36,0,572
610,0101000000C2FC153257304FC061C5A9D6C2CC42C0,18,0,572
538,010100000033E197FA79934FC0CF31207BBD2342C0,9,0,575
537,01010000007C444C8924924FC032384A5E9D2342C0,27,0,575
535,0101000000A305685BCD924FC0A5BF97C2832442C0,36,0,576
536,0101000000A9F6E978CC924FC06D37C1374D2342C0,18,0,576
503,0101000000D7C1C1DEC4F44EC08B1A4CC3F06341C0,19,0,583
504,010100000027A25F5B3FF54EC090882991446541C0,1,0,583
478,0101000000C03E3A75E55850C098C3EE3B86DD40C0,6,0,631
695,0101000000D61C2098A34150C0CEE33098BF6044C0,30,0,635
696,010100000038328FFCC14250C0E2900DA48B5F44C0,12,0,635
201,01010000004792205C01774EC0BF654E97C54641C0,36,0,531
202,01010000009207228B34774EC0D9226937FA4441C0,18,0,531
755,0101000000056B9C4D472451C03067B62BF40149C0,25,0,641
756,0101000000F0A5F0A0D92551C015747B49630249C0,7,0,641
710,010100000025C9737D1F5650C0001B1021AECC44C0,2,0,650
709,0101000000D07D39B35D5550C0A7ECF483BACA44C0,20,0,650
513,0101000000931CB0ABC9614DC0D9B3E73235BB41C0,36,0,670
514,01010000005378D0ECBA614DC0F5D555815ABA41C0,18,0,670
682,01010000007216F6B4C34F4FC03BAA9A20EA1A44C0,4,0,683
681,01010000004260E5D0224F4FC0BC79AA436E1A44C0,22,0,683
684,0101000000E5ED08A7054F4FC09FE57970771A44C0,16,0,684
683,0101000000F624B039074F4FC0D9278062641B44C0,34,0,684
465,010100000027A5A0DB4B2051C0DE59BBED428740C0,19,0,685
466,0101000000B84082E2C72051C0A9D903ADC08840C0,1,0,685
467,0101000000D50968226C2051C01D7233DC808740C0,21,0,686
468,0101000000573ECBF3E02051C00E4FAF94658840C0,3,0,686
615,0101000000FD135CACA8F14EC0D0F0660DDEB942C0,35,0,688
616,0101000000691A14CD03F24EC0AAD4EC8156B842C0,17,0,688
515,01010000005BEECC04C33B4FC0CC43A67C08B641C0,21,0,695
516,0101000000AF97A608703C4FC0D6E429ABE9B641C0,3,0,695
1215,0101000000603E59315C994BC0ADF886C267073BC0,19,0,407
1216,01010000002AC93A1C5D994BC05D177E703E093BC0,1,0,407
258,0101000000533D997FF45350C061A5828AAACB3AC0,11,0,692
257,01010000007973B8567B5350C053094FE8F5CB3AC0,29,0,692
923,0101000000B0E42A16BF414EC060C9552C7E6741C0,23,0,9
924,010100000011AAD4EC81424EC05C8FC2F5286841C0,5,0,9
1219,010100000055F65D11FC1D51C04F401361C35B3FC0,33,0,10
1220,01010000003677F4BF5C1E51C0828FC18A53593FC0,15,0,10
950,0101000000B8E4B8533AF44EC06EA301BC053E41C0,7,0,806
231,01010000007A19C5724BAF4DC05A2A6F47388D40C0,27,0,713
232,01010000006A183E22A6B04DC068AED3484B8D40C0,9,0,713
429,0101000000111C9771534950C0906B43C538F33FC0,35,0,441
430,0101000000D36A48DC634950C0BB0B941458F03FC0,17,0,441
167,010100000084BD892139934CC040BE840A0EB33DC0,36,0,446
168,01010000007461A417B5934CC0E7357689EAAD3DC0,18,0,446
273,010100000025766D6FB73E4EC0346612F582BF3AC0,21,0,589
274,01010000004B77D7D9903F4EC0FE99417C60C33AC0,3,0,589
42,0101000000239F573CF5FA4CC071E316F3736F41C0,19,0,593
41,0101000000DA907F6610FB4CC0681F2BF86D7041C0,1,0,593
49,010100000003B00111E2FA4CC02D978DCEF96F41C0,29,0,594
157,01010000002AE109BDFE164FC08E93C2BCC75D43C0,35,1,39
50,0101000000D6C9198A3BFC4CC02F8B89CDC76F41C0,11,0,594
323,01010000003F912749D7964DC05DFC6D4F90A03BC0,19,0,608
324,0101000000BF0CC68844974DC0BBD573D2FBA23BC0,1,0,608
197,01010000008A213999B8554EC013109370211B41C0,23,0,613
198,0101000000FE7E315BB2564EC08AE6012CF21B41C0,5,0,613
360,01010000003198BF42E6484EC05C8E57207A8A40C0,9,0,621
359,01010000006CEBA7FFAC474EC00FD4298F6E8A40C0,27,0,621
36,010100000036E675C4215E50C0BEBED6A546D838C0,24,0,634
35,01010000004B00FE29555F50C013D4F02DACDB38C0,6,0,634
325,01010000001363997E89864DC0F39194F430703BC0,21,0,654
326,010100000012F758FAD0874DC0EAB303AE2B763BC0,3,0,654
196,01010000005F5D15A8C5244EC00BF0DDE68D2741C0,1,0,664
195,0101000000B2F2CB608C244EC0B6F5D37FD62641C0,19,0,664
175,0101000000DBA50D87A5B74DC0F8FE06EDD51B41C0,24,0,672
176,01010000007651F4C0C7B84DC0E6400FB56D1C41C0,6,0,672
227,0101000000FA7ABE66B9184EC04F965AEF37B240C0,27,0,673
228,010100000027A089B0E1194EC0C2887D0228B240C0,9,0,673
1023,010100000038DBDC989E1A50C0C1C9367007F840C0,36,0,809
1024,0101000000D8B8FE5D9F1A50C01A18795913F740C0,18,0,809
234,0101000000EACA67791EB04DC0CDAFE600C18C40C0,13,0,714
233,0101000000906B43C538AF4DC0053411363C8D40C0,31,0,714
207,0101000000EFE4D3635B344EC0EE3F321D3A4D41C0,19,0,715
209,0101000000D41055F833344EC0D158FB3BDB4D41C0,28,0,716
1300,01010000000DFFE9060A5A4FC09D2FF65E7CFF41C0,23,0,25
1299,01010000007C5F5CAAD25A4FC0D02A33A5F5FF41C0,5,0,25
235,0101000000D576137CD3724DC09B559FABAD5840C0,21,0,723
236,0101000000ECDD1FEF55734DC01CD0D2156C5940C0,3,0,723
272,0101000000A8E2C62DE6574EC083A6255646973BC0,13,0,728
1180,01010000003E3C4B9011224FC04450357A35DC3CC0,2,0,4
285,010100000011018750A5D04EC0530438BD8BFB40C0,32,0,730
805,01010000001AFA27B8588051C0DA8CD310551844C0,23,0,7
203,010100000098FBE42840BE4EC038BF61A2413E41C0,27,0,731
204,0101000000967840D994BF4EC0402FDCB9303E41C0,9,0,731
407,0101000000A245B6F3FD0450C0E5D2F88557FE3EC0,36,0,408
408,01010000009C6ED921FE0450C020B6F468AAFB3EC0,18,0,408
379,0101000000C231CB9E04EC4EC083328D2617E33FC0,35,0,413
380,0101000000B7D4415E0FEC4EC0F1660DDE57E13FC0,17,0,413
426,0101000000D238D4EFC21A51C0A6F10BAF24953FC0,36,0,418
425,010100000071AE6186C61A51C0990E9D9E778F3FC0,18,0,418
421,0101000000317903CC7CB250C03605323B8B5E3DC0,21,0,427
422,010100000012876C205DB350C00F60915F3F643DC0,3,0,427
127,01010000005A492BBEA1644DC0F58590F3FE1743C0,20,0,432
129,010100000065E1EB6B5D644DC029E96168751843C0,30,0,433
131,0101000000EAB298D87C644DC0C8B1F50CE11843C0,34,0,434
911,0101000000BBD05CA791C64EC0401361C3D3A341C0,32,0,138
912,0101000000BA490C022BC74EC05760C8EA56A341C0,14,0,138
476,010100000097395D16135B50C0A69BC420B0D240C0,9,0,87
475,0101000000D44334BA835A50C074B515FBCBD240C0,27,0,87
565,0101000000BF99982EC48D51C0C84109336DB942C0,30,0,93
566,0101000000BBF083F3A98E51C0DF4F8D976EB842C0,12,0,93
884,010100000023F8DF4A76E44EC0AD6EF59CF44A42C0,4,0,148
885,0101000000A4A5F27684E34EC0F4328AE5964A42C0,26,0,149
886,01010000000D1AFA27B8E44EC0AD86C43D964A42C0,8,0,149
689,0101000000CA367007EAC751C04C55DAE21A0944C0,24,0,95
690,01010000008CA03193A8C951C0556AF6402B0A44C0,6,0,95
768,01010000000CEA5BE6741351C0C32ADEC83C6A4BC0,34,0,152
767,01010000004F92AE997C1351C063450DA661684BC0,16,0,152
1159,0101000000DE8E705AF0724EC01FD7868A71663FC0,19,0,153
1160,01010000008121AB5B3D734EC01CF0F96184683FC0,1,0,153
677,0101000000FA5E43705C6950C082902C6002AB42C0,19,0,96
678,01010000004E2A1A6B7F6950C003ED0E2906AC42C0,1,0,96
1079,0101000000CC0A45BA9FC54EC054C8957A165040C0,19,0,157
1080,0101000000ED4ACB48BDC54EC012A3E716BA5040C0,1,0,157
1254,0101000000FE463B6EF85B4DC094A0BFD0238E3BC0,2,0,116
650,01010000008D45D3D9C93C4DC0707CED99259542C0,1,0,29
649,010100000062105839B43C4DC023BE13B35E9442C0,19,0,29
896,010100000048C5FF1D513B4DC04CDE0033DFDF41C0,17,0,204
895,0101000000A1F31ABB443B4DC038DBDC989EE041C0,35,0,204
747,010100000055A18158363D51C0D1950854FF4447C0,27,0,103
748,01010000006FF607CA6D3E51C0A8DF85ADD94447C0,9,0,103
680,0101000000BF60376C5BF550C0B0CBF09F6EF442C0,6,0,106
679,01010000003B1C5DA5BBF450C08750A5660FF442C0,24,0,106
409,01010000009A417C60C72150C03082C64CA2023FC0,32,0,128
410,010100000075C7629B542250C05D88D51F61003FC0,14,0,128
172,0101000000124A5F08390D4DC0A114ADDC0BC83DC0,7,0,131
171,010100000083F755B9500B4DC0077B134372C63DC0,25,0,131
346,0101000000D2510E6613004DC004392861A64D3FC0,3,0,134
151,010100000002A08A1BB7A04EC0BCADF4DA6C5E43C0,19,0,142
153,0101000000CCB8A981E69F4EC0BF823463D15E43C0,28,0,143
154,0101000000498446B071A14EC0C87DAB75E25E43C0,10,0,143
377,01010000006D91B41B7D4A4EC0C32CB4739A0140C0,21,0,151
378,01010000008080B56AD74A4EC070CFF3A78D0240C0,3,0,151
116,01010000001BBD1AA0340950C09A25016A6A7D3FC0,4,0,156
115,0101000000A626C11BD20850C0F4A96395D27B3FC0,22,0,156
577,0101000000BE9F1A2FDDFE50C0E71DA7E8487243C0,26,0,101
578,01010000007AE40F069EFF50C0E71DA7E8487243C0,8,0,101
1013,010100000056444DF4F9FA4FC0F644D7851F4441C0,36,0,412
1014,0101000000FFB1101D02FB4FC045132862114341C0,18,0,412
788,0101000000CE1951DA1B5850C0304CA60A464946C0,9,0,423
757,0101000000B94F8E02440252C0ED7E15E0BB2349C0,25,0,154
758,01010000002A711DE38A0452C017F4DE18022449C0,7,0,154
1151,0101000000A375543541C84DC020240B98C0BD3EC0,23,0,431
523,0101000000B64AB0389C1150C00BEBC6BB23F141C0,36,0,155
524,01010000003BDF4F8D971150C05587DC0C37F041C0,18,0,155
673,0101000000195932C7F20B50C073BB97FBE44C42C0,36,0,160
674,010100000017D7F84CF60B50C0E6EAC726F94B42C0,18,0,160
714,010100000082FFAD64C7CA51C0B81E85EB510445C0,2,0,163
713,010100000014CB2DAD86CA51C07A36AB3E570345C0,20,0,163
977,0101000000213D450E11A74FC03B38D89B18B240C0,36,0,435
978,0101000000D575A8A624A74FC05186AA984AB140C0,18,0,435
973,010100000043572250FDA74FC03FE5982CEEB940C0,19,0,438
974,010100000058AEB7CD54A84FC078431A1538BB40C0,1,0,438
880,0101000000E4BF401020714FC0828FC18A533942C0,4,0,411
879,0101000000A088450C3B704FC0F0181EFB593842C0,22,0,411
715,0101000000E6CB0BB08FCA51C03AAFB14B540345C0,24,0,164
716,0101000000A1BE654E97CB51C0B9C7D2872E0445C0,6,0,164
717,0101000000D61F6118B0CA51C008C72C7B120445C0,28,0,165
718,0101000000D102B4AD66CB51C03B8A73D4D10345C0,10,0,165
901,010100000074ED0BE8852D4DC0A12FBDFDB99841C0,26,0,166
518,010100000004E621533EB24EC0DF50F86C1DD041C0,17,0,122
517,01010000000266BE839FB24EC015AC71361DD141C0,35,0,122
1242,010100000046239F573CD34EC0F41ABB44F57A3BC0,10,0,209
574,01010000000F0EF626865151C02499D53BDC7843C0,3,0,129
573,01010000004354E1CFF05051C0DD989EB0C47743C0,21,0,129
576,010100000052B648DA8D5151C0E9103812687843C0,7,0,130
575,0101000000D1949D7E505051C011DF89592F7843C0,25,0,130
1237,0101000000959EE925C62150C01BF4A5B73F933AC0,20,0,240
1238,0101000000840CE4D9E52150C0A648BE1248953AC0,2,0,240
1191,01010000006EC0E78711024DC08B4F01309E993DC0,25,0,360
1192,01010000002BF697DD93034DC05F7B6649809A3DC0,7,0,360
866,010100000063B9A5D590644FC078B988EFC49842C0,9,0,372
865,01010000001DACFF7398634FC0A2D11DC4CE9842C0,27,0,372
867,01010000003A5D16139B634FC037E0F3C3089942C0,31,0,373
868,01010000002A5778978B644FC06AA4A5F2769842C0,13,0,373
1008,01010000009B711AA20A814EC0F7729F1C054A41C0,5,0,808
135,010100000065FED137698A4DC0478D0931970E41C0,19,0,23
134,0101000000C0D02346CF8B4DC0ADDBA0F65B0F41C0,9,0,24
1111,010100000036AD1402B9484EC0487023658BA240C0,23,0,811
1112,01010000007632384A5E494EC088D860E124A340C0,5,0,811
139,010100000001A3CB9BC3114EC0520B2593530941C0,22,0,2
140,01010000003293A8177C124EC07FDAA84E070A41C0,4,0,2
1285,01010000002C9FE579702F50C09D8026C286C737C0,26,0,104
1286,0101000000CD1E6805863050C054A9D903ADC837C0,8,0,104
816,0101000000F48AA71E690950C09F73B7EBA57F43C0,5,0,110
815,010100000004AE2B66840850C0B265F9BA0C7F43C0,23,0,110
143,0101000000F2EB87D860DD4DC07B4963B48E1441C0,20,0,125
144,01010000006002B7EEE6DD4DC022C7D633841541C0,2,0,125
333,0101000000F86D88F19A494BC0D4D688601C643AC0,19,0,158
334,0101000000AA622AFD84494BC023F59ECA69673AC0,1,0,158
722,01010000009A42E73576C951C05E3D27BD6F7445C0,5,0,174
721,0101000000D9CEF753E3C751C0046553AEF07245C0,23,0,174
91,010100000025404D2D5B0D4DC04F965AEF372843C0,36,0,159
92,01010000000D6FD6E07D0D4DC0B6F5D37FD62643C0,18,0,159
938,010100000065C22FF5F3424FC017D4B7CCE96641C0,18,0,11
809,0101000000CB129D6516F350C0B37DC85BAE7A43C0,26,0,12
976,010100000001A4367172DD4FC0338B506C05AD40C0,36,0,13
975,01010000009FCBD42478DD4FC09E7E501729AC40C0,18,0,13
206,010100000056116E32AABE4EC0A6D0798D5D3E41C0,35,0,732
205,0101000000B4AA251DE5BE4EC01CB4571F0F3D41C0,17,0,732
941,0101000000D943FB58C13B4FC093C83EC8B26A41C0,35,0,15
942,0101000000D49CBCC8043C4FC0755AB741ED6941C0,17,0,15
943,0101000000E2218C9FC63D4FC0F4328AE5966C41C0,36,0,16
166,0101000000AE10566309C54FC0395FECBDF8923FC0,18,0,737
1225,0101000000F5D89601679550C0F86BB2463DA03BC0,25,0,18
1226,01010000002D996379579650C01B7FA2B261A13BC0,7,0,18
1209,0101000000D862B7CF2AE14BC06C425A63D0E53BC0,24,0,19
1210,0101000000780AB952CFE24BC043723271ABE83BC0,6,0,19
307,0101000000363FFED2A21C4EC090831266DA763DC0,21,0,739
373,010100000051F701486D964EC0AC90F2936A0340C0,19,0,740
374,0101000000187D0569C6964EC077F35487DC0440C0,1,0,740
376,0101000000E57E87A240974EC086200725CC0440C0,4,0,741
375,01010000009F1F46088F964EC0E3DF675C380440C0,22,0,741
939,01010000006CED7DAA0A3D4FC0CE6DC2BD326941C0,36,0,26
940,01010000001D39D219183D4FC00F43AB93336841C0,18,0,26
431,01010000000FB8AE98112450C02E742502D5F73FC0,34,0,742
432,01010000008386FE092E2450C018213CDA38F63FC0,16,0,742
221,01010000001B9DF3531CBF4DC0BE86E0B88CE940C0,36,0,40
222,0101000000FBAD9D2809BF4DC082C5E1CCAFE840C0,18,0,40
1255,01010000004EB9C2BB5CD24CC04B04AA7F10613BC0,20,0,31
1256,01010000002096CD1C92D24CC0F295404AEC623BC0,2,0,31
783,010100000024B891B245BC51C0834D9D47C54947C0,28,0,32
784,01010000005C3E92921EBD51C0FCFCF7E0B54947C0,10,0,32
303,0101000000AF0793E2E3594FC0BC3C9D2B4A5540C0,36,0,42
304,0101000000293C6876DD594FC01D3EE944825340C0,18,0,42
801,01010000004E452A8C2D4450C0DF6C73637AEA44C0,23,0,41
802,0101000000F0C4AC17434550C087DC0C37E0EB44C0,5,0,41
51,01010000008FE21C7574FA4CC039268BFB8F7C41C0,25,0,161
52,010100000059FB3BDBA3FB4CC03FFF3D78ED7C41C0,7,0,161
53,0101000000091B9E5E29FB4CC05B5EB9DE367D41C0,35,0,162
54,0101000000CF2C095053FB4CC013BBB6B75B7C41C0,17,0,162
23,01010000006EF9484A7A644DC0663046240A4941C0,34,0,167
24,01010000006458C51B99654DC0AB4203B16C4641C0,16,0,167
387,01010000008143A852B36B4EC09BAC510FD1783FC0,24,0,169
388,01010000002B8A5759DB6C4EC00D1D3BA8C4793FC0,6,0,169
658,01010000002CBB6070CD114EC0E7C2482F6A0343C0,13,0,237
389,01010000004772F90FE96B4EC082E49D43197A3FC0,33,0,170
390,010100000046088F368E6C4EC0D53E1D8F19783FC0,15,0,170
341,0101000000492A53CC41C44DC0C1A8A44E400B3EC0,21,0,173
342,01010000009E5F94A0BFC44DC03A07CF84260D3EC0,3,0,173
371,0101000000A9177C9A93DB4EC0BA490C022B1B40C0,19,0,176
372,0101000000A5D8D138D4DB4EC0FAB660A92E1C40C0,1,0,176
454,01010000003579CA6ABA1550C0DEE522BE139540C0,1,1,126
9,0101000000B682A62556424DC07C9DD497A56941C0,29,0,179
10,010100000092EBA694D7464DC0DACBB6D3D66841C0,11,0,179
7,0101000000558A1D8D43434DC0855B3E92926A41C0,35,0,180
8,01010000005055A18158444DC05F44DB31756741C0,17,0,180
15,01010000000DE36E10AD194DC074266DAAEE5F41C0,33,0,181
16,01010000007365506D701A4DC0342DB1321A5F41C0,15,0,181
277,0101000000E71725E82F264DC047AB5AD2514E3AC0,36,0,191
278,01010000005CACA8C134264DC00D51853FC34B3AC0,18,0,191
399,010100000062A06B5F40114FC04CFC51D4996B3FC0,36,0,192
400,0101000000D6C743DFDD104FC09204E10A28683FC0,18,0,192
415,010100000015C78157CB4650C065389ECF80A23CC0,31,0,194
416,0101000000850A0E2F884750C0A5A31CCC26A03CC0,13,0,194
275,0101000000E486DF4DB71C4DC000E1438996343AC0,22,0,195
276,0101000000E1B37570B01D4DC0F5D555815A383AC0,4,0,195
6,0101000000113AE8120E5B50C0E57CB1F7E2BF38C0,4,0,205
5,01010000006EFC89CA865A50C0D57954FCDFBD38C0,22,0,205
405,0101000000280D350A492E4EC0F60CE19865633EC0,29,0,207
406,01010000004E999B6F442F4EC07C0DC17119633EC0,11,0,207
441,010100000042E90B21E7E54FC00A4CA7751B6040C0,36,0,208
442,01010000001F477364E5E54FC069C70DBF9B5E40C0,18,0,208
77,0101000000A5DC7D8E8F824CC0AC70CB47529E42C0,29,0,210
181,0101000000E4F6CB272B844DC03E9468C9E35741C0,34,0,211
182,0101000000488C9E5BE8844DC09161156F645641C0,16,0,211
4,01010000009B3DD00A0C5B50C092E86514CBBD38C0,14,0,206
3,0101000000AFEE586C935A50C0399CF9D51CC038C0,32,0,206
367,0101000000ADC090D5ADAE4EC0BBB88D06F06640C0,19,0,222
368,0101000000A54929E8F6AE4EC072FE2614226840C0,1,0,222
413,01010000004EEFE2FDB89250C01990BDDEFD553EC0,19,0,223
145,01010000000BD0B69A750A4DC02C11A8FE418C41C0,27,0,225
146,0101000000A5D93C0E830B4DC0AE9E93DE378C41C0,9,0,225
95,0101000000707B82C476EF4CC0EE0912DBDD1D43C0,36,0,399
96,0101000000C426327381EF4CC01973D712F21B43C0,18,0,399
335,0101000000C4995FCD01D64AC0BA83D89942473AC0,20,0,400
336,0101000000AE81AD122CD64AC08CB96B09F9483AC0,2,0,400
419,010100000089EC832C0BDC50C0E085ADD9CA3B3DC0,35,0,401
420,0101000000A8C7B60C38DC50C0DEAB5626FC363DC0,17,0,401
17,0101000000828E56B5A42B4DC00C91D3D7F36D41C0,26,0,452
18,0101000000D8BB3FDEAB2C4DC02140868E1D6E41C0,8,0,452
369,01010000003F355EBA49CA4EC01DCC26C0B03E40C0,20,0,467
370,01010000009E25C808A8CA4EC011902FA1823F40C0,2,0,467
73,01010000007632384A5E914CC0B18A37328F8442C0,19,0,476
74,01010000009A7CB3CD8D914CC03EEDF0D7648542C0,1,0,476
819,0101000000F321A81ABD2C4FC099D87C5C1B5643C0,29,0,44
820,01010000008A3DB48F152E4FC0178046E9D25543C0,11,0,44
822,010100000040A6B5696C2D4FC0DCA0F65B3B5543C0,16,0,45
821,0101000000747ADE8D052D4FC0D7A546E8675643C0,34,0,45
907,01010000005A12A0A696494EC0C286A757CAAA41C0,32,0,46
908,0101000000828B1535984A4EC0271422E010AA41C0,14,0,46
841,010100000091ED7C3F35044DC04012F6ED24DE42C0,27,0,50
842,01010000004E4700378B054DC04A07EBFF1CDE42C0,9,0,50
845,010100000021AD31E884544DC06BB933130CC742C0,23,0,51
846,0101000000D1AFAD9FFE554DC06C921FF12BC842C0,5,0,51
1223,0101000000992EC4EA8FC550C0A9D903ADC0B43BC0,25,0,53
1224,0101000000C91D369199C650C02C8194D8B5B53BC0,7,0,53
1109,0101000000AB24B20FB2544EC02634492C29A940C0,24,0,56
1110,010100000014B01D8CD8554EC07A8CF2CCCBA940C0,6,0,56
1116,01010000007573F1B73DA74EC05376FA415DB840C0,6,0,58
818,01010000002FF7C95180A44FC04D2F3196E95D43C0,34,0,64
817,010100000021037976F9A44FC0A9D898D7115D43C0,16,0,64
1033,0101000000069E7B0F976651C0D3D9C9E0289942C0,28,0,65
1034,010100000064E94317D46751C031992A18959842C0,10,0,65
985,01010000001F8315A75A134FC0AC730CC85EA340C0,19,0,67
986,01010000007CD11E2FA4134FC0B2A19BFD81A440C0,1,0,67
72,010100000043739D465A924CC0B6B9313D618542C0,6,0,477
295,010100000017D522A298504FC0CDB051D66F9A40C0,19,0,478
296,01010000007A1A3048FA504FC096B20C71AC9B40C0,1,0,478
25,0101000000EB8B84B69C3F4DC013B875374F5D41C0,27,0,481
27,010100000079060DFD13404DC0535C55F65D5D41C0,35,0,482
245,01010000004985B185200B4EC0E9263108ACB841C0,20,0,483
246,0101000000C2DB8310900B4EC07B698A00A7B941C0,2,0,483
300,01010000000CE9F010C6374FC012DA722EC57740C0,2,0,484
299,010100000039EFFFE384374FC068EA758BC07640C0,20,0,484
87,0101000000D9AF3BDD79104DC0B08C0DDDEC3143C0,32,0,485
88,0101000000C7BB2363B5114DC0E690D442C93043C0,14,0,485
427,01010000005E4C33DDEB3E50C07FA4880CABBC3FC0,33,0,486
428,0101000000E02C25CB493F50C0D40FEA2285BA3FC0,15,0,486
173,01010000001155F833BCD14CC099F38C7DC9463EC0,36,0,489
174,0101000000E2783E03EAD14CC04F401361C3433EC0,18,0,489
81,01010000004EB340BB43D64CC04700378B170143C0,22,0,491
82,0101000000BAA0BE654ED74CC0EE77280AF40143C0,4,0,491
75,0101000000C1C9367007C84CC08AE5965643F842C0,31,0,492
76,01010000001E51A1BAB9CA4CC0C158DFC0E4F642C0,13,0,492
179,0101000000B685E7A5621F4DC02F336C94F51741C0,35,0,497
180,01010000006DC7D45DD91F4DC0253CA1D79F1641C0,17,0,497
301,010100000075E789E76C134FC0083E062B4E5740C0,25,0,499
302,0101000000BF0D315EF3144FC0D3A3A99ECC5740C0,7,0,499
603,010100000083177D05692A4FC0BABDA4315ADF42C0,20,0,145
604,010100000097395D16132B4FC071033E3F8CE042C0,2,0,145
606,0101000000963E74417D2B4FC07155D97745E042C0,6,0,146
605,01010000002041F163CC294FC0327216F6B4DF42C0,24,0,146
719,0101000000A56ABB09BE4550C0A6B915C26A6045C0,23,0,150
720,0101000000D102B4AD664750C0C05B2041F16145C0,5,0,150
983,0101000000111B2C9CA4334FC0575EF23FF99B40C0,20,0,403
984,0101000000F59CF4BEF1334FC091B6F1272A9D40C0,2,0,403
807,0101000000514D49D6E1CA51C01E53776517DA43C0,30,0,404
808,01010000006AF981AB3CCB51C0D218ADA3AAD943C0,12,0,404
855,01010000007AE063B0E2B64FC031B5A50EF20843C0,36,0,405
856,01010000000EF62686E4B64FC0376F9C14E60743C0,18,0,405
926,01010000005C5837DE1D734DC02BA4FCA4DA6541C0,14,0,515
1274,01010000009EF0129CFA3D50C0E0A0BDFA788439C0,4,0,518
1273,01010000003929CC7B9C3D50C0EDBB22F8DF8239C0,22,0,518
1050,0101000000360186E5CFD74FC0A9177C9A932B40C0,2,0,522
1134,01010000005C5837DE1DE94DC0B5FE9600FC3540C0,5,0,532
1131,010100000078B7B24467DF4DC0C1374D9F1D3440C0,34,0,533
1132,0101000000B9A5D590B8DF4DC0806264C91C3340C0,16,0,533
1136,0101000000E621533E04EF4DC0F41ABB44F53840C0,16,0,534
557,0101000000363CBD5296DF4EC09F03CB11322842C0,23,0,283
1213,0101000000DE3B6A4C888F4BC06F8445459C863BC0,35,0,538
1214,0101000000A662635E47904BC04963B48EAA823BC0,17,0,538
1077,0101000000CC0A45BA9FEB4EC07EC68503214B40C0,35,0,539
1078,01010000004FAE2990D9EB4EC00D1B65FD664A40C0,17,0,539
199,01010000003CA41820D1804EC085EAE6E26F5341C0,21,0,440
1107,0101000000FE7BF0DAA5534EC05BD3BCE314A740C0,26,0,541
1108,0101000000D76B7A5050544EC0FA0AD28C45A740C0,8,0,541
437,0101000000E0D5726726C64FC0A60EF27A300740C0,19,0,547
811,0101000000C860C5A9D62E51C0747ADE8D053543C0,27,0,548
812,0101000000BCCD1B27852F51C0AC1DC539EA3443C0,9,0,548
559,0101000000342BDB87BCDF4EC0B282DF86182942C0,36,0,284
560,01010000008D25AC8DB1DF4EC0024BAE62F12742C0,18,0,284
491,01010000002368CC24EA1750C0A46E675F796841C0,19,0,376
492,01010000007B9FAA42031850C0FA9B5088806941C0,1,0,376
982,0101000000653733FAD1984FC00DC51D6FF28D40C0,2,0,553
981,010100000090A1630795984FC0BDAB1E300F8D40C0,20,0,553
497,01010000007044F7AC6BC84FC0CB0EF10F5B9E41C0,36,0,386
498,01010000003B376DC669C84FC0103FFF3D789D41C0,18,0,386
919,0101000000D74B5304381B4FC0A0504F1F818D41C0,23,0,555
920,0101000000B309302C7F1C4FC0A7785C548B8E41C0,5,0,555
741,0101000000AAB706B64AE350C05F950B957FF346C0,25,0,389
742,01010000004F3FA88B14E450C0D673D2FBC6F346C0,7,0,389
1211,01010000001F2E39EE94EE4BC05E807D74EA9A3BC0,22,0,559
1212,0101000000B459F5B9DAEE4BC0793BC269C19B3BC0,4,0,559
1281,01010000000803CFBD870B50C00057B26323D038C0,36,0,560
1282,0101000000B2463D44A30B50C0E90E62670ACD38C0,18,0,560
743,0101000000A3CC069964E350C03FABCC94D6F346C0,27,0,390
1261,01010000007B67B45549C44DC05EF3AACE6A4D3AC0,34,0,562
1262,0101000000C422861DC6C44DC099BB96900F4A3AC0,16,0,562
705,01010000000168942EFD6351C0A643A7E7DDA844C0,25,0,393
706,01010000001ABFF04A926551C00B0E2F8848A944C0,7,0,393
1158,01010000004C361E6CB1714EC05930F14751F73EC0,1,0,566
961,0101000000D2FC31AD4D594EC059198D7C5EED40C0,23,0,567
962,010100000006F1811DFF594EC0A54C6A6803EE40C0,5,0,567
1097,0101000000FD87F4DBD7654EC08F19A88C7F6740C0,33,0,568
1098,0101000000EE42739D46664EC0F4FDD478E96640C0,15,0,568
663,0101000000E65AB4006DE54DC03831242713DB42C0,36,0,415
955,01010000004703780B24F84EC01BBB44F5D6E441C0,23,0,573
956,01010000000DAB7823F3F84EC03D27BD6F7CE541C0,5,0,573
1103,01010000001E5036E50A5B4EC0AF42CA4FAA8940C0,27,0,574
1104,0101000000DC291DACFF5B4EC00B7BDAE1AF8940C0,9,0,574
994,010100000086CABF9657884EC0C6A70018CF8040C0,15,0,577
993,01010000005C566133C0874EC080B8AB57918140C0,33,0,577
1265,0101000000323D618907784DC049F4328AE54639C0,19,0,578
1266,01010000006B9F8EC70C784DC0D46531B1F94839C0,1,0,578
731,010100000058A835CD3B9C51C0FDBCA948850546C0,24,0,416
732,0101000000481630815B9D51C099F56228270646C0,6,0,416
733,010100000072A774B0FE9B51C0CAE02879750646C0,27,0,417
734,0101000000EFFE78AF5A9D51C0BCE82B48330646C0,9,0,417
1142,0101000000E0490B97551C4EC02B16BF29ACBC3FC0,1,0,581
1141,0101000000A8397991091C4EC0B8020AF5F4B93FC0,19,0,581
617,01010000007A185A9D9CA34EC0D8648D7A889C42C0,19,0,424
618,0101000000755AB741EDA34EC047AD307DAF9D42C0,1,0,424
619,010100000072C0AE264FA34EC03FADA23F349D42C0,31,0,425
620,01010000003D484F9143A44EC0363FFED2A29C42C0,13,0,425
1263,0101000000486FB88FDCD44DC0B8E7F9D346213AC0,19,0,585
1264,0101000000C2340C1F11D54DC05D177E703E253AC0,1,0,585
1011,0101000000BE839F38804A4EC0795DBF60371E41C0,33,0,586
1012,01010000003B527DE7174B4EC08FAA2688BA1D41C0,15,0,586
1095,01010000008B54185B08604EC0C0D02346CF5140C0,23,0,590
1096,0101000000F7B0170AD8604EC01B82E3326E5240C0,5,0,590
1250,01010000000B0A83328D3E4EC0FC89CA8635C93AC0,2,0,591
968,010100000012A452EC68564FC0E23C9CC0742041C0,2,0,604
967,01010000003A2174D025564FC0D1B1834A5C1F41C0,20,0,604
1039,0101000000DFFDF15EB55851C0BF2B82FFAD8842C0,28,0,606
1040,01010000003524EEB1F45951C08048BF7D1D8842C0,10,0,606
1037,01010000007A56D28A6F3951C08FE3874A23B242C0,28,0,612
1038,0101000000FE9C82FC6C3A51C00FD6FF39CCB142C0,10,0,612
913,0101000000356090F469FF4EC07F68E6C9359141C0,23,0,619
914,010100000006668522DDFF4EC00820B589939141C0,5,0,619
527,010100000053245F09A4584FC0BEDEFDF15E0142C0,20,0,428
528,01010000003E3F8C101E594FC0CC086F0F420242C0,2,0,428
991,010100000063F030ED9B994EC069368FC3609640C0,25,0,638
992,0101000000A796ADF5459A4EC069520ABABD9640C0,7,0,638
1164,010100000047E4BB94BAEA4EC06403E962D35A3FC0,11,0,639
529,0101000000C8B3CBB73E584FC0202922C32A0242C0,27,0,429
530,0101000000A9177C9A93594FC06DC7D45DD90142C0,9,0,429
531,0101000000FF774485EA584FC0A9BD88B6630242C0,36,0,430
532,0101000000F853E3A59B584FC080F3E2C4570142C0,18,0,430
887,0101000000E9263108AC1C4FC02A58E36C3A2C42C0,21,0,667
888,0101000000CDCB61F71D1D4FC0D1782288F32C42C0,3,0,667
1231,01010000003082C64CA28150C0EF3B86C77EAE3AC0,36,0,668
1232,0101000000AD3594DA8B8150C0FE0A992B83AA3AC0,18,0,668
850,0101000000278925E5EEE14EC0221B48179B1A43C0,4,0,661
849,01010000006F83DA6FEDE04EC04E637B2DE81943C0,22,0,661
875,01010000002B8716D9CE0D50C0168733BF9A4B42C0,25,0,663
876,0101000000E353008C670E50C0F9BD4D7FF64B42C0,7,0,663
481,01010000005FED28CE512750C049D74CBED9CE40C0,24,0,501
482,01010000001B2D077AA82750C02060ADDA35CF40C0,6,0,501
489,0101000000679B1BD3136451C0598B4F0130BE41C0,27,0,502
490,010100000090882991446551C02EFF21FDF6BD41C0,9,0,502
488,01010000001EC4CE143A6451C04C6E14596BC041C0,32,0,503
487,0101000000A31EA2D11D6551C0C4B5DAC35EBE41C0,14,0,503
791,01010000009148DBF813C151C048A46DFC89CE45C0,28,0,694
792,0101000000F9872D3D9AC151C058C51B9947CE45C0,10,0,694
957,0101000000C9ACDEE176C04EC0DC627E6E681641C0,22,0,696
958,010100000032CB9E0436C14EC07616BD53011741C0,4,0,696
773,0101000000F646AD307DCA50C0E4141DC9E53F4BC0,25,0,697
1221,0101000000DD5ED218ADE450C0DC291DACFF0B3CC0,32,0,698
1222,010100000073D712F241E550C0CE8B135FED083CC0,14,0,698
1059,01010000009E060C923E0250C0952A51F6963E3FC0,22,0,699
1060,01010000001E34BBEEAD0250C04C512E8D5F403FC0,4,0,699
853,01010000004966F50EB71F4FC063B9A5D5900C43C0,32,0,701
854,010100000008E412471E204FC060AB048BC30B43C0,14,0,701
1297,01010000008C4AEA0434A54FC08C2D0439282136C0,36,0,669
1298,0101000000E695EB6D33A54FC0D21DC4CE141E36C0,18,0,669
641,0101000000FD4FFEEE1D8B4DC095F3C5DE8BA142C0,24,0,523
642,01010000001C7C6132558C4DC0B1A206D330A242C0,6,0,523
579,0101000000E04A766C040951C056B77A4E7A7943C0,27,0,529
580,0101000000F9BA0CFFE90A51C01630815B777943C0,9,0,529
587,0101000000ED0E2906486650C0371B2B31CFA443C0,27,0,540
588,01010000006F2F698CD66750C017670C7382A443C0,9,0,540
625,010100000089B663EAAE1A4EC05778978BF87042C0,22,0,542
626,0101000000B587BD50C01C4EC014E7A8A3E37242C0,4,0,542
627,01010000001F9E25C8081C4EC0F3CCCB61F77142C0,31,0,543
628,01010000005C751DAA291D4EC0C0AE264F597142C0,13,0,543
630,010100000088687407B1234EC0B3D2A414747B42C0,9,0,544
629,010100000018EC866D8B224EC0412B3064757B42C0,27,0,544
632,0101000000C156091687234EC07B14AE47E17A42C0,14,0,545
971,0101000000B77F65A549FD4EC000750305DEE340C0,23,0,762
972,010100000066DAFE9595FC4EC0A9DDAF027CE340C0,5,0,762
830,01010000009738F24064234EC06420CF2EDF2C43C0,1,0,763
829,0101000000AEB8382A37234EC08099EFE0272C43C0,19,0,763
832,01010000009DD7D825AA234EC078280AF4892C43C0,8,0,764
634,01010000005E68AED348234EC0F4893C49BA7A42C0,18,0,546
633,010100000017BCE82B48234EC0726DA818E77B42C0,36,0,546
909,01010000001C7C613255404EC07A8D5DA27A9341C0,29,0,774
910,0101000000F792C6681D414EC04F3BFC35599341C0,11,0,774
1113,01010000004E0B5EF415504EC0C8EA56CF49BB40C0,23,0,775
1114,0101000000DB334B02D4504EC0F29881CAF8BB40C0,5,0,775
1073,0101000000A13028D368284FC0BABC395CAB5140C0,19,0,443
786,01010000003C31EBC5504551C05D8B16A06DC946C0,9,0,444
785,01010000003A5AD5928E4451C0A31F0DA7CCC946C0,27,0,444
781,010100000051BD35B0555151C01895D409681847C0,26,0,445
782,0101000000C443183F8D5251C08D5DA27A6B1847C0,8,0,445
357,0101000000B6BC72BD6D4E4DC0AEF02E17F17F40C0,19,0,235
358,01010000000BD0B69A754E4DC0A454C2137A8140C0,1,0,235
255,010100000031B43A39436450C027D9EA724A2C36C0,34,0,385
256,0101000000F3CCCB61F76450C02AC58EC6A12636C0,16,0,385
337,0101000000C971A774B03A4BC0C2FC153257BE39C0,31,0,392
338,0101000000CF86FC33833E4BC05E11FC6F25BB39C0,13,0,392
365,01010000007EFCA5457D9A4EC03CBCE7C0728840C0,33,0,394
366,0101000000868DB27E339B4EC05B5D4E09888740C0,15,0,394
13,010100000066A4DE53391F4DC00C941458005B41C0,36,0,395
14,01010000008599B67F651F4DC0C1559E40D85941C0,18,0,395
97,0101000000D8BB3FDEABEE4CC0F168E388B51C43C0,22,0,397
98,01010000000E2F88484DEF4CC0166BB8C83D1D43C0,4,0,397
93,010100000005DF347D76EE4CC0A1F48590F31C43C0,27,0,398
94,01010000009983A0A355EF4CC0A5DB12B9E01C43C0,9,0,398
666,010100000073F4F8BD4DC74FC04B1FBAA0BED942C0,18,0,234
665,0101000000014D840D4FC74FC03B53E8BCC6DA42C0,36,0,234
1198,01010000009C6D6E4C4FFC4CC0E4BED53A71613EC0,17,0,488
1195,0101000000325A475513EC4CC004FF5BC98E3D3EC0,35,0,490
1051,0101000000C91EA166480C50C04051D9B0A60440C0,20,0,504
1052,01010000002B3410CB660C50C00D6FD6E07D0540C0,2,0,504
550,01010000000070ECD9738D4DC02B155454FD0842C0,1,0,188
1193,010100000082E2C798BBEA4CC088A1D5C919FE3DC0,25,0,453
1194,0101000000C763062AE3EB4CC09CC1DF2F66FF3DC0,7,0,453
839,010100000009C556D0B4AC4DC0726BD26D890043C0,19,0,456
840,0101000000A3737E8AE3AC4DC0AEF199EC9F0143C0,1,0,456
724,01010000007901F6D1A9C951C0E74317D4B77445C0,8,0,175
1260,0101000000B5A679C729564DC010971C774A173BC0,5,0,461
1259,010100000068AED3484B554DC04E1FBAA0BE153BC0,23,0,461
1063,0101000000677E3507085A4FC0672AC423F1E23FC0,19,0,470
1064,01010000004D8578245E5A4FC021EA3E00A9E53FC0,1,0,470
927,01010000007AC7293A928F4DC0A0C37C79015241C0,24,0,471
928,010100000070253B3602914DC002F1BA7EC15241C0,6,0,471
635,010100000031EA5A7B9FF04DC014950D6B2A6B42C0,27,0,771
636,0101000000D943FB58C1F14DC0D1CFD4EB166B42C0,9,0,771
637,01010000008DD13AAA9AF04DC069C36169E06B42C0,35,0,772
638,0101000000DCB8C5FCDCF04DC00420EEEA556A42C0,17,0,772
353,01010000000CE544BB0A174EC02635B401D84A40C0,28,0,743
354,0101000000A69C2FF65E184EC05704FF5BC94A40C0,10,0,743
439,010100000069520ABABD9C4FC0B936548CF32740C0,20,0,751
440,01010000001AC05B20419D4FC0448B6CE7FB2940C0,2,0,751
58,0101000000D95BCAF962AF4CC0FB592C45F2B341C0,2,0,752
57,01010000000CACE3F8A1AE4CC0F7C77BD5CAB241C0,20,0,752
56,0101000000492EFF21FDAE4CC0DFC325C79DB241C0,14,0,753
55,0101000000FC00A43671AE4CC0BA1457957DB341C0,32,0,753
287,0101000000EC1681B1BEF94EC0319A95ED43D640C0,21,0,754
288,010100000041446ADAC5FA4EC097546D37C1D740C0,3,0,754
433,0101000000B3EA73B5151F50C07AE2395B401840C0,34,0,758
434,0101000000DBFD2AC0771F50C0F9D7F2CAF51640C0,16,0,758
327,010100000084F57F0EF33D4BC04D672783A3F43AC0,32,0,760
328,01010000001E166A4DF33E4BC041F163CC5DF33AC0,14,0,760
291,0101000000334E4354E1074FC07923F3C81FD840C0,21,0,761
292,01010000005DA5BBEB6C084FC025CD1FD3DAD840C0,3,0,761
262,01010000005BB05417F03B50C04C35B39602823BC0,1,0,773
261,01010000005F97E13FDD3B50C0FE28EACC3D7C3BC0,19,0,773
340,01010000009C69C2F6930B4DC0B20E4757E93A3DC0,3,0,786
339,01010000007B82C476F70A4DC04FB16A10E6363DC0,21,0,786
800,01010000008FC70C54C6F351C08F8D40BCAE1B45C0,10,0,474
799,01010000005743E21E4BF351C096438B6CE71B45C0,28,0,474
871,01010000009961A3ACDFD64FC0B9C49107229342C0,36,0,475
872,010100000094A46B26DFD64FC01BF16437339242C0,18,0,475
499,0101000000FFCD8B135F7F4FC0C136E2C96E7E41C0,21,0,202
500,0101000000C9E88024EC7F4FC0B2648EE55D7F41C0,3,0,202
501,01010000003B511212697F4FC047E7FC14C77F41C0,31,0,203
502,0101000000486AA16472804FC0FD6CE4BA297F41C0,13,0,203
541,010100000070D1C952EBB54DC0C1A90F24EF3C41C0,34,0,212
542,01010000005BEB8B84B6B64DC0BBD39D279E3B41C0,16,0,212
813,01010000007EE19524CFE950C06325E65949E742C0,24,0,479
814,01010000005FB532E197EA50C0E17EC00303E842C0,6,0,479
485,01010000000FB4024356EC50C041118B18768841C0,35,0,217
486,010100000044C4CDA964EC50C02E54FEB5BC8641C0,17,0,217
521,0101000000D1798D5DA2E04FC034F6251B0FDA41C0,34,0,227
522,01010000005FECBDF8A2E14FC08927BB99D1D741C0,16,0,227
761,01010000008F8CD5E6FFEE50C00229B16B7BE34AC0,25,0,230
751,0101000000FF21FDF6758851C07F6ABC74936448C0,27,0,231
752,010100000038F8C264AA8A51C0ABB2EF8AE06348C0,9,0,231
229,0101000000287FF78E1A194EC0013274ECA0B240C0,36,0,674
230,0101000000BD8E386403194EC0986C3CD862B140C0,18,0,674
443,0101000000842A357BA04B50C04F5DF92CCF2F40C0,20,0,677
444,0101000000751F80D4264C50C02670EB6E9E3240C0,2,0,677
193,01010000004679E6E5B0134EC0C72FBC92E42D41C0,32,0,681
194,0101000000CE70033E3F144EC095B9F946742D41C0,14,0,681
385,01010000009F3A56293D674EC07D7A6CCB80B33FC0,21,0,689
386,01010000001E6FF25B74684EC0386744696FB83FC0,3,0,689
40,01010000004C1AA37554E54FC0C79FA86C589B36C0,20,0,690
1245,0101000000D80E46EC13BC4EC05F984C158C423BC0,28,0,796
1246,01010000005ED6C4025FBD4EC0D5B14AE999423BC0,10,0,796
1257,0101000000CD3D247CEF274DC073309B00C34E3BC0,34,0,797
1258,01010000006000E14389284DC0F0C4AC17434D3BC0,16,0,797
873,010100000067614F3BFCE14FC05EA27A6B604742C0,35,0,799
874,010100000025ECDB4944E24FC067D5E76A2B4642C0,17,0,799
1267,0101000000BA4E232D954B4DC0C4EBFA05BB0939C0,20,0,801
1268,0101000000EBFF1CE6CB4B4DC0CD0182397A0C39C0,2,0,801
451,0101000000BF0D315EF35150C0992A1895D45F40C0,19,0,700
452,01010000001D39D219185250C0C4D155BABB6040C0,1,0,700
525,0101000000E3AAB2EF8A624FC0506EDBF7A8FB41C0,20,0,704
526,01010000003A3B191C25634FC0BED9E6C6F4FC41C0,2,0,704
458,0101000000F372D87DC71150C0D07F0F5EBB8C40C0,5,0,705
457,01010000004C1C7920B21050C077F35487DC8A40C0,23,0,705
460,0101000000ED647094BC1050C0D4B7CCE9B28A40C0,18,0,706
459,01010000001F85EB51B81050C0CADE52CE178D40C0,36,0,706
395,0101000000022D5DC136C04EC0D2C77C40A0473FC0,24,0,616
396,0101000000BF6378EC67C14EC078094E7D20493FC0,6,0,616
311,0101000000FAD346753AD84DC06B6281AFE8323DC0,20,0,625
1269,010100000004E8F7FD9B7B50C04BAFCDC64A103AC0,33,0,68
1270,01010000001B62BCE6557C50C0FDA36FD2340C3AC0,15,0,68
763,0101000000D5EC8156605251C05A8638D6C5CD49C0,25,0,200
330,01010000001700E31934FC4BC010D55B035B653BC0,1,0,584
726,01010000002D793C2D3F5250C01D210379769B45C0,7,0,707
725,01010000007D3D5FB35C5050C04DA25EF0699A45C0,25,0,707
1165,01010000001C3F541A31A34FC0BBF2599E07A73FC0,22,0,812
729,010100000041B8020AF55350C0A6BA8097199E45C0,26,0,708
730,010100000055A01683875550C0CB83F414399E45C0,8,0,708
461,0101000000213B6F63B39650C0F419506F46A140C0,19,0,720
462,01010000003337DF88EE9650C02C7E5358A9A440C0,1,0,720
589,010100000074EE76BD34554FC061AA99B514BA43C0,26,0,724
590,0101000000D80C7041B6564FC04FE78A5242BA43C0,8,0,724
592,01010000005DDF878384564FC096438B6CE7B943C0,16,0,725
697,0101000000282CF180B28950C0C47762D68B5944C0,27,0,727
698,01010000007F130A11708A50C04C546F0D6C5944C0,9,0,727
653,0101000000E8D9ACFA5CE14CC0878A71FE26BC42C0,28,0,733
654,0101000000E527D53E1DE34CC00EF3E505D8BB42C0,10,0,733
655,0101000000C79DD2C1FAE14CC067F2CD3637BC42C0,33,0,734
656,0101000000272F3201BFE24CC05B07077B13BB42C0,15,0,734
691,0101000000D0F23CB83B7F4FC06E861BF0F96D44C0,20,0,744
694,01010000001CD0D2156C814FC097FF907EFB6E44C0,10,0,745
693,0101000000AB3E575BB17D4FC0AD1402B9C46F44C0,28,0,745
583,010100000005C1E3DBBBC450C0C74CA25EF08943C0,26,0,756
585,01010000001A19E42EC2C450C01137A792018A43C0,35,0,757
594,010100000037A968ACFD294EC03067B62BF43143C0,4,0,765
593,01010000001C7920B248294EC01CB3EC49603143C0,22,0,765
596,010100000050A6D1E4622A4EC09692E524943043C0,14,0,766
595,01010000001EE1B4E045294EC062484E266E3143C0,32,0,766
597,01010000000EA14ACD1E2A4EC0501BD5E9403243C0,36,0,767
598,0101000000A0A52BD8462A4EC0BDFDB968C83043C0,18,0,767
1021,01010000005DFC6D4F901A50C0D9AF3BDD79F840C0,36,0,778
1177,010100000081ECF5EE8F034FC082397AFCDEC63DC0,24,0,779
1178,01010000007FF6234564044FC0F2B5679604C83DC0,6,0,779
1289,0101000000938C9C853DA94FC0B7D3D688603C37C0,19,0,780
1290,01010000000D52F01472A94FC05DC47762D63F37C0,1,0,780
1075,0101000000DB6AD619DF434FC0836A8313D15D40C0,20,0,781
1076,0101000000E3C281902C444FC0E3FA777DE65E40C0,2,0,781
1048,0101000000357C0BEBC6B34FC0F38E5374242540C0,15,0,782
903,01010000008066101FD80F4EC0AFCC5B751DC441C0,23,0,785
160,01010000001A567CF424144FC039F708D3BB5B43C0,17,1,38
904,0101000000378E588B4F114EC0A12DE7525CC541C0,5,0,785
671,0101000000804A95287B1150C0BABBCE86FC4942C0,19,0,550
672,0101000000D960E124CD1150C06C97361C964C42C0,1,0,550
1015,0101000000B0E8D66B7A3950C006D50627A22D41C0,27,0,788
1016,010100000037894160E53950C083C2A04CA32D41C0,9,0,788
843,0101000000DDCD531D72174DC0A583F57F0EBB42C0,26,0,790
844,0101000000C0266BD443184DC0A514747B49BB42C0,8,0,790
563,0101000000255D33F966AF51C02922C32ADE8042C0,34,0,551
564,0101000000F6D1A92B9FAF51C02C9ACE4E067F42C0,16,0,551
1055,0101000000DCF63DEAAF1150C09FB0C403CA0240C0,23,0,792
1056,010100000044DFDDCA121250C06552431B800340C0,5,0,792
599,0101000000A376BF0AF0A94EC072C119FCFD0043C0,28,0,587
600,010100000065C8B1F50CAB4EC0DA91EA3BBF0043C0,10,0,587
602,010100000030BDFDB968AA4EC0D714C8EC2C0043C0,18,0,588
601,01010000009775FF5888AA4EC0E0F599B33E0143C0,36,0,588
745,0101000000914259F8FABD51C033333333334547C0,28,0,595
746,01010000008121AB5B3DBF51C0CDCD37A27B4447C0,10,0,595
611,010100000062F71DC3635D4FC0054D4BAC8CC442C0,22,0,596
612,01010000009A05DA1D525E4FC07445292158C542C0,4,0,596
613,0101000000ABB35A608F5D4FC005A8A9656BC542C0,32,0,597
614,01010000007E198C11895E4FC01C2444F982C442C0,14,0,597
553,0101000000B0045262D7864DC09AED0A7DB06242C0,26,0,601
554,01010000003BFE0B0401884DC0CFBF5DF6EB6242C0,8,0,601
556,010100000043705CC64D874DC0DD4598A25C6242C0,18,0,602
727,0101000000E9F2E670AD4350C0FC5580EF36A545C0,22,0,603
728,01010000005B0C1EA67D4450C026FDBD141EA645C0,4,0,603
493,01010000002B51F696720D50C0EB73B515FB8741C0,32,0,617
494,0101000000AA44D95BCA0D50C05D8C81751C8741C0,14,0,617
737,0101000000D82C978DCE8E51C0603B18B14FDA46C0,27,0,618
738,01010000005F96766A2E9051C0DBA4A2B1F6D946C0,9,0,618
446,010100000006F2ECF2AD554FC0E23B31EBC52441C0,1,0,627
445,01010000003F8F519E79554FC00262122EE42341C0,19,0,627
447,01010000005DC0CB0C1B554FC02F151BF33A2441C0,27,0,628
448,01010000007D93A641D1564FC0FED7B969332441C0,9,0,628
519,010100000002B7EEE6A97E4FC0863DEDF0D7C041C0,36,0,629
520,0101000000E63FA4DFBE7E4FC008944DB9C2BF41C0,18,0,629
463,01010000002AE3DF675C1E51C0BD1DE1B4E09D40C0,36,0,630
464,01010000009548A297511E51C0A3409FC8939C40C0,18,0,630
2,0101000000EFE6A90EB94650C08962F206986138C0,16,0,419
260,010100000023658BA4DD4650C055A3570394DA3AC0,2,0,710
259,01010000000B24287E8C4650C05C1B2AC6F9D33AC0,20,0,710
484,01010000006B309870861A51C099BEC445DB4A41C0,11,0,676
483,010100000095D40968221951C066DDB7F89F4B41C0,29,0,676
1169,01010000001563601DC7014FC072435376FAC53EC0,20,0,789
